[
{
    "model": "people.person",
    "pk": 7799,
    "fields": {
        "notes": "",
        "start_year": 1896,
        "end_year": 1958,
        "mep_id": "",
        "name": "L. A. G. Strong",
        "sort_name": "Strong, L. A. G. (Leonard Alfred George)",
        "viaf_id": "http://viaf.org/viaf/22227991/",
        "is_organization": false,
        "verified": false,
        "updated_at": "2018-07-22T13:09:08Z",
        "sex": "",
        "title": "",
        "profession": null,
        "nationalities": []
    }
},
{
    "model": "people.person",
    "pk": 6324,
    "fields": {
        "notes": "https://en.wikipedia.org/wiki/E._B._C._Jones\r\nMerged E. B. C. Jones on 2018-06-23 //\r\n\r\nNOVIAF, verified [JK]",
        "start_year": 1893,
        "end_year": 1966,
        "mep_id": "",
        "name": "E. B. C. Jones",
        "sort_name": "Jones, E. B. C. (Emily Beatrix Coursolles)",
        "viaf_id": "",
        "is_organization": false,
        "verified": false,
        "updated_at": "2018-06-23T22:30:51Z",
        "sex": "F",
        "title": "",
        "profession": null,
        "nationalities": [
            3
        ]
    }
},
{
    "model": "people.person",
    "pk": 6814,
    "fields": {
        "notes": "",
        "start_year": 1905,
        "end_year": 1993,
        "mep_id": "",
        "name": "Peter Quennell",
        "sort_name": "Quennell, Peter",
        "viaf_id": "http://viaf.org/viaf/83089573/",
        "is_organization": false,
        "verified": false,
        "updated_at": "2018-06-23T13:10:30Z",
        "sex": "M",
        "title": "",
        "profession": null,
        "nationalities": [
            3
        ]
    }
},
{
    "model": "people.person",
    "pk": 6032,
    "fields": {
        "notes": "",
        "start_year": 1905,
        "end_year": 1974,
        "mep_id": "",
        "name": "H. E. Bates",
        "sort_name": "Bates, H. E. (Herbert Ernest)",
        "viaf_id": "http://viaf.org/viaf/32045124/",
        "is_organization": false,
        "verified": false,
        "updated_at": "2018-06-22T19:13:53Z",
        "sex": "",
        "title": "",
        "profession": null,
        "nationalities": []
    }
},
{
    "model": "people.person",
    "pk": 6118,
    "fields": {
        "notes": "",
        "start_year": 1904,
        "end_year": 1991,
        "mep_id": "",
        "name": "Graham Greene",
        "sort_name": "Greene, Graham",
        "viaf_id": "http://viaf.org/viaf/59083415/",
        "is_organization": false,
        "verified": false,
        "updated_at": "2018-06-22T19:13:53Z",
        "sex": "",
        "title": "",
        "profession": null,
        "nationalities": []
    }
},
{
    "model": "people.person",
    "pk": 6358,
    "fields": {
        "notes": "",
        "start_year": 1879,
        "end_year": 1946,
        "mep_id": "",
        "name": "Catherine Carswell",
        "sort_name": "Carswell, Catherine",
        "viaf_id": "http://viaf.org/viaf/8568740/",
        "is_organization": false,
        "verified": false,
        "updated_at": "2018-06-22T19:13:53Z",
        "sex": "",
        "title": "",
        "profession": null,
        "nationalities": []
    }
},
{
    "model": "people.person",
    "pk": 6705,
    "fields": {
        "notes": "",
        "start_year": 1891,
        "end_year": 1974,
        "mep_id": "",
        "name": "Bonamy Dobr\u00e9e",
        "sort_name": "Dobr\u00e9e, Bonamy",
        "viaf_id": "http://viaf.org/viaf/66531126/",
        "is_organization": false,
        "verified": false,
        "updated_at": "2018-06-22T19:13:53Z",
        "sex": "",
        "title": "",
        "profession": null,
        "nationalities": []
    }
},
{
    "model": "people.person",
    "pk": 8231,
    "fields": {
        "notes": "",
        "start_year": 1888,
        "end_year": null,
        "mep_id": "",
        "name": "L. A. Pavey",
        "sort_name": "Pavey, L. A. (Leonard Arthur)",
        "viaf_id": "http://viaf.org/viaf/92776989/",
        "is_organization": false,
        "verified": false,
        "updated_at": "2018-08-27T14:43:41Z",
        "sex": "",
        "title": "",
        "profession": null,
        "nationalities": []
    }
},
{
    "model": "people.person",
    "pk": 8230,
    "fields": {
        "notes": "",
        "start_year": 1867,
        "end_year": 1940,
        "mep_id": "",
        "name": "E. F. Benson",
        "sort_name": "Benson, E. F. (Edward Frederic)",
        "viaf_id": "http://viaf.org/viaf/212180275/",
        "is_organization": false,
        "verified": false,
        "updated_at": "2018-08-27T14:43:15Z",
        "sex": "",
        "title": "",
        "profession": null,
        "nationalities": []
    }
},
{
    "model": "people.person",
    "pk": 6103,
    "fields": {
        "notes": "",
        "start_year": 1900,
        "end_year": 1991,
        "mep_id": "",
        "name": "Se\u00e1n O'Faol\u00e1in",
        "sort_name": "O'Faol\u00e1in, Sean",
        "viaf_id": "http://viaf.org/viaf/59087224/",
        "is_organization": false,
        "verified": false,
        "updated_at": "2018-06-22T19:13:53Z",
        "sex": "M",
        "title": "",
        "profession": null,
        "nationalities": [
            16
        ]
    }
},
{
    "model": "people.person",
    "pk": 7366,
    "fields": {
        "notes": "",
        "start_year": 1908,
        "end_year": 1977,
        "mep_id": "",
        "name": "Henry Romilly Fedden",
        "sort_name": "Fedden, Robin (Henry Romilly Fedden)",
        "viaf_id": "http://viaf.org/viaf/66467046/",
        "is_organization": false,
        "verified": false,
        "updated_at": "2018-07-07T01:05:12Z",
        "sex": "",
        "title": "",
        "profession": null,
        "nationalities": []
    }
},
{
    "model": "people.person",
    "pk": 5652,
    "fields": {
        "notes": "",
        "start_year": 1887,
        "end_year": 1959,
        "mep_id": "",
        "name": "Edwin Muir",
        "sort_name": "Muir, Edwin",
        "viaf_id": "http://viaf.org/viaf/41875982/",
        "is_organization": false,
        "verified": false,
        "updated_at": "2018-06-22T19:13:53Z",
        "sex": "",
        "title": "",
        "profession": null,
        "nationalities": []
    }
},
{
    "model": "people.person",
    "pk": 6066,
    "fields": {
        "notes": "",
        "start_year": 1899,
        "end_year": 1973,
        "mep_id": "",
        "name": "Elizabeth Bowen",
        "sort_name": "Bowen, Elizabeth",
        "viaf_id": "http://viaf.org/viaf/19674925/",
        "is_organization": false,
        "verified": false,
        "updated_at": "2018-06-22T19:13:53Z",
        "sex": "F",
        "title": "",
        "profession": null,
        "nationalities": []
    }
},
{
    "model": "people.person",
    "pk": 7261,
    "fields": {
        "notes": "",
        "start_year": 1908,
        "end_year": 1992,
        "mep_id": "",
        "name": "Arthur Calder-Marshall",
        "sort_name": "Calder-Marshall, Arthur",
        "viaf_id": "http://viaf.org/viaf/271930257/",
        "is_organization": false,
        "verified": false,
        "updated_at": "2018-07-04T01:15:20Z",
        "sex": "",
        "title": "",
        "profession": null,
        "nationalities": []
    }
},
{
    "model": "people.person",
    "pk": 6107,
    "fields": {
        "notes": "",
        "start_year": 1892,
        "end_year": 1981,
        "mep_id": "",
        "name": "David Garnett",
        "sort_name": "Garnett, David",
        "viaf_id": "http://viaf.org/viaf/7390509/",
        "is_organization": false,
        "verified": false,
        "updated_at": "2018-06-22T19:13:53Z",
        "sex": "",
        "title": "",
        "profession": null,
        "nationalities": []
    }
},
{
    "model": "people.person",
    "pk": 8229,
    "fields": {
        "notes": "",
        "start_year": 1900,
        "end_year": 1997,
        "mep_id": "",
        "name": "Victor Sawdon Pritchett",
        "sort_name": "Pritchett, Victor Sawdon",
        "viaf_id": "http://viaf.org/viaf/94052985/",
        "is_organization": false,
        "verified": false,
        "updated_at": "2018-08-27T14:41:37Z",
        "sex": "",
        "title": "",
        "profession": null,
        "nationalities": []
    }
},
{
    "model": "people.person",
    "pk": 5435,
    "fields": {
        "notes": "Merged Rose Macaulay on 2018-06-23",
        "start_year": 1881,
        "end_year": 1958,
        "mep_id": "",
        "name": "Rose Macaulay",
        "sort_name": "Macaulay, Rose",
        "viaf_id": "http://viaf.org/viaf/100194559/",
        "is_organization": false,
        "verified": false,
        "updated_at": "2018-06-23T14:41:11Z",
        "sex": "F",
        "title": "",
        "profession": null,
        "nationalities": [
            3
        ]
    }
},
{
    "model": "people.person",
    "pk": 5766,
    "fields": {
        "notes": "",
        "start_year": 1907,
        "end_year": 1963,
        "mep_id": "",
        "name": "Louis MacNeice",
        "sort_name": "MacNeice, Louis",
        "viaf_id": "http://viaf.org/viaf/46802910/",
        "is_organization": false,
        "verified": false,
        "updated_at": "2018-06-22T19:13:53Z",
        "sex": "M",
        "title": "",
        "profession": null,
        "nationalities": [
            16
        ]
    }
},
{
    "model": "people.person",
    "pk": 6016,
    "fields": {
        "notes": "",
        "start_year": 1908,
        "end_year": 1989,
        "mep_id": "",
        "name": "Frederic Prokosch",
        "sort_name": "Prokosch, Frederic",
        "viaf_id": "http://viaf.org/viaf/92413737/",
        "is_organization": false,
        "verified": false,
        "updated_at": "2018-06-22T19:13:53Z",
        "sex": "",
        "title": "",
        "profession": null,
        "nationalities": []
    }
},
{
    "model": "books.creatortype",
    "pk": 1,
    "fields": {
        "name": "Author",
        "notes": ""
    }
},
{
    "model": "books.work",
    "pk": 4126,
    "fields": {
        "notes": "Variant titles: English Novelists.",
        "mep_id": "mep:00ch51",
        "title": "The English Novelists: A Survey of the Novel by Twenty Contemporary Novelists",
        "year": 1936,
        "uri": "",
        "updated_at": "2018-08-27T14:44:31Z"
    }
},
{
    "model": "people.person",
    "pk": 8228,
    "fields": {
        "notes": "",
        "start_year": 1911,
        "end_year": 1973,
        "mep_id": "",
        "name": "Derek Verschoyle",
        "sort_name": "Verschoyle, Derek",
        "viaf_id": "http://viaf.org/viaf/48770715/",
        "is_organization": false,
        "verified": false,
        "updated_at": "2018-08-27T14:40:20Z",
        "sex": "",
        "title": "",
        "profession": null,
        "nationalities": []
    }
},
{
    "model": "books.creatortype",
    "pk": 2,
    "fields": {
        "name": "Editor",
        "notes": ""
    }
},
{
    "model": "books.creator",
    "pk": 7503,
    "fields": {
        "notes": "",
        "creator_type": 1,
        "person": 7799,
        "work": 4126
    }
},
{
    "model": "books.creator",
    "pk": 7502,
    "fields": {
        "notes": "",
        "creator_type": 1,
        "person": 6324,
        "work": 4126
    }
},
{
    "model": "books.creator",
    "pk": 7501,
    "fields": {
        "notes": "",
        "creator_type": 1,
        "person": 6814,
        "work": 4126
    }
},
{
    "model": "books.creator",
    "pk": 7500,
    "fields": {
        "notes": "",
        "creator_type": 1,
        "person": 6032,
        "work": 4126
    }
},
{
    "model": "books.creator",
    "pk": 7499,
    "fields": {
        "notes": "",
        "creator_type": 1,
        "person": 6118,
        "work": 4126
    }
},
{
    "model": "books.creator",
    "pk": 7498,
    "fields": {
        "notes": "",
        "creator_type": 1,
        "person": 6358,
        "work": 4126
    }
},
{
    "model": "books.creator",
    "pk": 7497,
    "fields": {
        "notes": "",
        "creator_type": 1,
        "person": 6705,
        "work": 4126
    }
},
{
    "model": "books.creator",
    "pk": 7496,
    "fields": {
        "notes": "",
        "creator_type": 1,
        "person": 8231,
        "work": 4126
    }
},
{
    "model": "books.creator",
    "pk": 7495,
    "fields": {
        "notes": "",
        "creator_type": 1,
        "person": 8230,
        "work": 4126
    }
},
{
    "model": "books.creator",
    "pk": 7494,
    "fields": {
        "notes": "",
        "creator_type": 1,
        "person": 6103,
        "work": 4126
    }
},
{
    "model": "books.creator",
    "pk": 7493,
    "fields": {
        "notes": "",
        "creator_type": 1,
        "person": 7366,
        "work": 4126
    }
},
{
    "model": "books.creator",
    "pk": 7492,
    "fields": {
        "notes": "",
        "creator_type": 1,
        "person": 5652,
        "work": 4126
    }
},
{
    "model": "books.creator",
    "pk": 7491,
    "fields": {
        "notes": "",
        "creator_type": 1,
        "person": 6066,
        "work": 4126
    }
},
{
    "model": "books.creator",
    "pk": 7490,
    "fields": {
        "notes": "",
        "creator_type": 1,
        "person": 7261,
        "work": 4126
    }
},
{
    "model": "books.creator",
    "pk": 7489,
    "fields": {
        "notes": "",
        "creator_type": 1,
        "person": 6107,
        "work": 4126
    }
},
{
    "model": "books.creator",
    "pk": 7488,
    "fields": {
        "notes": "",
        "creator_type": 1,
        "person": 8229,
        "work": 4126
    }
},
{
    "model": "books.creator",
    "pk": 7487,
    "fields": {
        "notes": "",
        "creator_type": 1,
        "person": 5435,
        "work": 4126
    }
},
{
    "model": "books.creator",
    "pk": 7486,
    "fields": {
        "notes": "",
        "creator_type": 1,
        "person": 5766,
        "work": 4126
    }
},
{
    "model": "books.creator",
    "pk": 7485,
    "fields": {
        "notes": "",
        "creator_type": 1,
        "person": 6016,
        "work": 4126
    }
},
{
    "model": "books.creator",
    "pk": 7484,
    "fields": {
        "notes": "",
        "creator_type": 2,
        "person": 8228,
        "work": 4126
    }
}
]